<?xml version="1.0" encoding="UTF-8"?>
<c3p0-config>
    <default-config>
        <property name="jdbcUrl">jdbc:mysql://localhost:3306/shoppingcartdb	</property>
        <property name="driverClass">com.mysql.jdbc.Driver</property>
        <property name="user">Work</property>
        <property name="password">Simplilearn@123</property>
        <property name="acquireInorement">3</property>
        <property name="initialPoolSize">10</property>
        <property name="minPoolSize">2</property>
        <property name="maxPoolSize">10</property>
    </default-config>
</c3p0-config>